Protocollo;Gruppo;DataOraIncidente;Localizzazione1;STRADA1;Localizzazione2;STRADA2;Strada02;Chilometrica;DaSpecificare;NaturaIncidente;particolaritastrade;TipoStrada;FondoStradale;Pavimentazione;Segnaletica;CondizioneAtmosferica;Traffico;Visibilita;Illuminazione;NUM_FERITI;NUM_RISERVATA;NUM_MORTI;NUM_ILLESI;Longitudine;Latitudine;Confermato;Progressivo;TipoVeicolo;StatoVeicolo;TipoPersona;Sesso;Tipolesione;Deceduto;DecedutoDopo;CinturaCascoUtilizzato;Airbag
1918351;12;02/08/2012 13:10;Provinciale;VIA ARDEATINA;all'intersezione con;VIA DEI CASALI DI PORTA MEDAGLIA;VIA DEI CASALI DI PORTA MEDAGLIA;;;Scontro frontale/laterale DX fra veicoli in marcia;Incrocio;Una carreggiata a doppio senso;Asciutto;Asfaltata;Verticale ed orizzontale;Sereno;Normale;Buona;Ore Diurne;2;0;0;0;;;-1;1;Autovettura privata;In marcia / fermata / arresto;Conducente;F;Rimandato;0;NON DECEDUTO;Non accertato;Inesploso
1918351;12;02/08/2012 13:10;Provinciale;VIA ARDEATINA;all'intersezione con;VIA DEI CASALI DI PORTA MEDAGLIA;VIA DEI CASALI DI PORTA MEDAGLIA;;;Scontro frontale/laterale DX fra veicoli in marcia;Incrocio;Una carreggiata a doppio senso;Asciutto;Asfaltata;Verticale ed orizzontale;Sereno;Normale;Buona;Ore Diurne;2;0;0;0;;;-1;2;Autovettura privata;In marcia / fermata / arresto;Conducente;M;Rimandato;0;NON DECEDUTO;Non accertato;Inesploso
1918356;1;01/08/2012 21:10;Strada Urbana;LARGO DELLA SAPIENZA;in prossimità;;del civico n. ;6;;Veicolo in marcia contro veicolo in sosta;Rotatoria;Una carreggiata a senso unico di marcia;Asciutto;In cubetti di porfido;Verticale ed orizzontale;Sereno;Scarso;Sufficiente;Sufficiente;0;0;0;1;;;-1;1;Autovettura privata;In marcia / fermata / arresto;Conducente;M;Illeso;0;;Non accertato;Inesploso
1918357;2;01/08/2012 19:50;Strada Urbana;VIA GUGLIELMO CALDERINI;all'intersezione con;LARGO GIROLAMO RAINALDI;LARGO GIROLAMO RAINALDI;;;Veicolo in marcia contro veicolo in sosta;Incrocio;Una carreggiata a senso unico di marcia;Asciutto;Asfaltata;Verticale ed orizzontale;Sereno;Scarso;Buona;Ore Diurne;0;0;0;1;;;-1;2;Autovettura privata;In marcia / fermata / arresto;Conducente;F;Illeso;0;;Non accertato;Inesistente
1918359;1;01/08/2012 09:30;Strada Urbana;PIAZZA DI MONTE SAVELLO;all'intersezione semaforizzata con;PONTE FABRICIO;PONTE FABRICIO;;;Tamponamento;Intersezione semaforizzata;Una carreggiata a senso unico di marcia;Asciutto;Asfaltata;Verticale ed orizzontale;Sereno;Normale;Buona;Ore Diurne;0;0;0;4;;;-1;1;Autovettura privata;In marcia / fermata / arresto;Conducente;F;Illeso;0;;Non accertato;Inesistente
1918359;1;01/08/2012 09:30;Strada Urbana;PIAZZA DI MONTE SAVELLO;all'intersezione semaforizzata con;PONTE FABRICIO;PONTE FABRICIO;;;Tamponamento;Intersezione semaforizzata;Una carreggiata a senso unico di marcia;Asciutto;Asfaltata;Verticale ed orizzontale;Sereno;Normale;Buona;Ore Diurne;0;0;0;4;;;-1;1;Autovettura privata;In marcia / fermata / arresto;Passeggero;F;Illeso;0;;Non accertato;Inesistente
1918359;1;01/08/2012 09:30;Strada Urbana;PIAZZA DI MONTE SAVELLO;all'intersezione semaforizzata con;PONTE FABRICIO;PONTE FABRICIO;;;Tamponamento;Intersezione semaforizzata;Una carreggiata a senso unico di marcia;Asciutto;Asfaltata;Verticale ed orizzontale;Sereno;Normale;Buona;Ore Diurne;0;0;0;4;;;-1;2;Autovettura privata;In marcia / fermata / arresto;Conducente;M;Illeso;0;;Non accertato;Inesistente
1918359;1;01/08/2012 09:30;Strada Urbana;PIAZZA DI MONTE SAVELLO;all'intersezione semaforizzata con;PONTE FABRICIO;PONTE FABRICIO;;;Tamponamento;Intersezione semaforizzata;Una carreggiata a senso unico di marcia;Asciutto;Asfaltata;Verticale ed orizzontale;Sereno;Normale;Buona;Ore Diurne;0;0;0;4;;;-1;2;Autovettura privata;In marcia / fermata / arresto;Passeggero;M;Illeso;0;;Non accertato;Inesistente
1918360;2;02/08/2012 03:25;Strada Urbana;LUNGOTEVERE ARNALDO DA BRESCIA;in prossimità;;del civico n. ;9;;Veicolo in marcia contro veicoli in sosta;Rettilineo;Una carreggiata a senso unico di marcia;Asciutto;Asfaltata;Verticale ed orizzontale;Sereno;Scarso;Buona;Sufficiente;0;0;0;1;;;-1;1;Autovettura privata;In marcia / fermata / arresto;Conducente;F;Illeso;0;;Non accertato;Inesistente
1918361;9;02/08/2012 09:15;Strada Urbana;VIA APPIA NUOVA;all'intersezione semaforizzata con;VIA MONTE ALBINO;VIA MONTE ALBINO;;;Tamponamento;Incrocio;Due carreggiate;Asciutto;Asfaltata;Verticale ed orizzontale;Sereno;Normale;Buona;Ore Diurne;1;0;0;1;;;-1;1;Autovettura pubblica;In marcia / fermata / arresto;Conducente;M;Illeso;0;;Non accertato;Inesploso
1918361;9;02/08/2012 09:15;Strada Urbana;VIA APPIA NUOVA;all'intersezione semaforizzata con;VIA MONTE ALBINO;VIA MONTE ALBINO;;;Tamponamento;Incrocio;Due carreggiate;Asciutto;Asfaltata;Verticale ed orizzontale;Sereno;Normale;Buona;Ore Diurne;1;0;0;1;;;-1;2;Motociclo a solo;In marcia / fermata / arresto;Conducente;M;Rimandato;0;NON DECEDUTO;Utilizzato;Inesistente
1918364;1;01/08/2012 16:40;Strada Urbana;PIAZZA DI S. CROCE IN GERUSALEMME;in corrispondenza;;del palo luce n. ;22;;Tamponamento;Rettilineo;Più di due carreggiate;Asciutto;Asfaltata;Verticale ed orizzontale;Sereno;Normale;Buona;Ore Diurne;2;0;0;1;;;-1;1;Autovettura di polizia;In marcia / fermata / arresto;Conducente;M;Illeso;0;;Non accertato;Inesistente
1918364;1;01/08/2012 16:40;Strada Urbana;PIAZZA DI S. CROCE IN GERUSALEMME;in corrispondenza;;del palo luce n. ;22;;Tamponamento;Rettilineo;Più di due carreggiate;Asciutto;Asfaltata;Verticale ed orizzontale;Sereno;Normale;Buona;Ore Diurne;2;0;0;1;;;-1;2;Autovettura privata;In marcia / fermata / arresto;Conducente;M;Rifiuta cure immediate;0;NON DECEDUTO;Non accertato;Inesistente
1918364;1;01/08/2012 16:40;Strada Urbana;PIAZZA DI S. CROCE IN GERUSALEMME;in corrispondenza;;del palo luce n. ;22;;Tamponamento;Rettilineo;Più di due carreggiate;Asciutto;Asfaltata;Verticale ed orizzontale;Sereno;Normale;Buona;Ore Diurne;2;0;0;1;;;-1;2;Autovettura privata;In marcia / fermata / arresto;Passeggero;F;Rifiuta cure immediate;0;NON DECEDUTO;Non accertato;Inesistente
1918365;1;02/08/2012 14:00;Strada Urbana;VIA LUDOVISI;in prossimità;;ALBERO N.;13;;Scontro frontale/laterale SX fra veicoli in marcia;Rettilineo;Una carreggiata a senso unico di marcia;Asciutto;Asfaltata;Verticale ed orizzontale;Sereno;Normale;Buona;Ore Diurne;0;0;0;2;;;-1;1;Motociclo a solo;In marcia / fermata / arresto;Conducente;M;Illeso;0;;Non accertato;Inesistente
1918365;1;02/08/2012 14:00;Strada Urbana;VIA LUDOVISI;in prossimità;;ALBERO N.;13;;Scontro frontale/laterale SX fra veicoli in marcia;Rettilineo;Una carreggiata a senso unico di marcia;Asciutto;Asfaltata;Verticale ed orizzontale;Sereno;Normale;Buona;Ore Diurne;0;0;0;2;;;-1;2;Autovettura privata;In marcia / fermata / arresto;Conducente;M;Illeso;0;;Non accertato;Inesistente
1918366;10;02/08/2012 07:30;Strada Urbana;VIA VITTORIO RAGUSA;in corrispondenza;;del civico n. ;100;;Scontro laterale fra veicoli in marcia;Curva a visuale libera;Una carreggiata a senso unico di marcia;Asciutto;Asfaltata;Verticale ed orizzontale;Sereno;Scarso;Buona;Ore Diurne;0;0;0;2;;;-1;1;Autocarro inferiore 35 q.;In marcia / fermata / arresto;Conducente;M;Illeso;0;;Esente;Inesistente
1918366;10;02/08/2012 07:30;Strada Urbana;VIA VITTORIO RAGUSA;in corrispondenza;;del civico n. ;100;;Scontro laterale fra veicoli in marcia;Curva a visuale libera;Una carreggiata a senso unico di marcia;Asciutto;Asfaltata;Verticale ed orizzontale;Sereno;Scarso;Buona;Ore Diurne;0;0;0;2;;;-1;2;Autovettura privata;Allontanatosi;Conducente;M;Illeso;0;;Utilizzato;Inesistente
1918368;10;02/08/2012 08:50;Strada Urbana;PIAZZA ETTORE VIOLA;all'intersezione con;VIA WALTER PROCACCINI;VIA WALTER PROCACCINI;;;Scontro frontale/laterale DX fra veicoli in marcia;Rotatoria;Una carreggiata a senso unico di marcia;Asciutto;Asfaltata;Verticale ed orizzontale;Sereno;Scarso;Buona;Ore Diurne;0;0;0;2;;;-1;1;Autovettura privata;In marcia / fermata / arresto;Conducente;F;Illeso;0;;Non accertato;Inesistente
1918368;10;02/08/2012 08:50;Strada Urbana;PIAZZA ETTORE VIOLA;all'intersezione con;VIA WALTER PROCACCINI;VIA WALTER PROCACCINI;;;Scontro frontale/laterale DX fra veicoli in marcia;Rotatoria;Una carreggiata a senso unico di marcia;Asciutto;Asfaltata;Verticale ed orizzontale;Sereno;Scarso;Buona;Ore Diurne;0;0;0;2;;;-1;2;Motociclo a solo;In marcia / fermata / arresto;Conducente;M;Illeso;0;;Non accertato;Inesistente
1918369;1;02/08/2012 14:55;Strada Urbana;VIA VITTORIO VENETO;all'intersezione con;VIA LIGURIA;VIA LIGURIA;;;Tamponamento;Incrocio;Una carreggiata a doppio senso;Asciutto;Asfaltata;Verticale ed orizzontale;Sereno;Scarso;Buona;Ore Diurne;1;0;0;1;;;-1;1;Autovettura privata;In marcia / fermata / arresto;Conducente;F;Illeso;0;;Non accertato;Inesistente
1918369;1;02/08/2012 14:55;Strada Urbana;VIA VITTORIO VENETO;all'intersezione con;VIA LIGURIA;VIA LIGURIA;;;Tamponamento;Incrocio;Una carreggiata a doppio senso;Asciutto;Asfaltata;Verticale ed orizzontale;Sereno;Scarso;Buona;Ore Diurne;1;0;0;1;;;-1;2;Motociclo a solo;In marcia / fermata / arresto;Conducente;F;Rifiuta cure immediate;0;NON DECEDUTO;Non accertato;Inesistente
1918370;10;02/08/2012 09:20;Strada Urbana;VIA APPIA PIGNATELLI;in prossimità;;del civico n. ;287;;Scontro frontale/laterale SX fra veicoli in marcia;Rettilineo;Una carreggiata a doppio senso;Asciutto;Asfaltata;Verticale ed orizzontale;Sereno;Intenso;Buona;Ore Diurne;1;0;0;1;;;-1;1;Motociclo a solo;In marcia / fermata / arresto;Conducente;M;Rifiuta cure immediate;0;NON DECEDUTO;Non accertato;Inesistente
1918370;10;02/08/2012 09:20;Strada Urbana;VIA APPIA PIGNATELLI;in prossimità;;del civico n. ;287;;Scontro frontale/laterale SX fra veicoli in marcia;Rettilineo;Una carreggiata a doppio senso;Asciutto;Asfaltata;Verticale ed orizzontale;Sereno;Intenso;Buona;Ore Diurne;1;0;0;1;;;-1;2;Autovettura privata;In marcia / fermata / arresto;Conducente;M;Illeso;0;;Non accertato;Inesistente
1918373;1;02/08/2012 13:00;Strada Urbana;VIA ANGELO POLIZIANO;all'intersezione con;VIA CARLO BOTTA;VIA CARLO BOTTA;;;Scontro frontale/laterale DX fra veicoli in marcia;Incrocio;Una carreggiata a senso unico di marcia;Asciutto;Acciotolata;Verticale ed orizzontale;Sereno;Scarso;Buona;Ore Diurne;0;0;0;2;;;-1;1;Autovettura privata;In marcia / fermata / arresto;Conducente;F;Illeso;0;;Non accertato;Inesistente
1918373;1;02/08/2012 13:00;Strada Urbana;VIA ANGELO POLIZIANO;all'intersezione con;VIA CARLO BOTTA;VIA CARLO BOTTA;;;Scontro frontale/laterale DX fra veicoli in marcia;Incrocio;Una carreggiata a senso unico di marcia;Asciutto;Acciotolata;Verticale ed orizzontale;Sereno;Scarso;Buona;Ore Diurne;0;0;0;2;;;-1;2;Autovettura privata;In marcia / fermata / arresto;Conducente;F;Illeso;0;;Non accertato;Inesistente
1918374;1;02/08/2012 08:25;Strada Urbana;PIAZZA DI PORTA MAGGIORE;all'intersezione semaforizzata con;VIA GIOVANNI GIOLITTI;VIA GIOVANNI GIOLITTI;;;Tamponamento;Intersezione semaforizzata;Una carreggiata a senso unico di marcia;Asciutto;Asfaltata;Verticale ed orizzontale;Sereno;Normale;Buona;Ore Diurne;0;0;0;1;;;-1;1;Autocarro inferiore 35 q.;In marcia / fermata / arresto;Conducente;M;Illeso;0;;Non accertato;Inesistente
1918375;6;02/08/2012 17:25;Strada Urbana;PIAZZA ROBERTO MALATESTA;in prossimità;;del civico n. ;15;;Scontro laterale fra veicoli in marcia;Rettilineo;Una carreggiata a senso unico di marcia;Asciutto;Asfaltata;Verticale ed orizzontale;Sereno;Normale;Buona;Ore Diurne;0;0;0;2;;;-1;1;Motociclo a solo;In marcia / fermata / arresto;Conducente;M;Illeso;0;;Non accertato;Inesistente
1918375;6;02/08/2012 17:25;Strada Urbana;PIAZZA ROBERTO MALATESTA;in prossimità;;del civico n. ;15;;Scontro laterale fra veicoli in marcia;Rettilineo;Una carreggiata a senso unico di marcia;Asciutto;Asfaltata;Verticale ed orizzontale;Sereno;Normale;Buona;Ore Diurne;0;0;0;2;;;-1;2;Autovettura privata;In marcia / fermata / arresto;Conducente;F;Illeso;0;;Non accertato;Inesistente
1918376;10;02/08/2012 17:20;Strada Urbana;VIALE DEI SALESIANI;all'intersezione semaforizzata con;VIA PUBLIO VALERIO;VIA PUBLIO VALERIO;;;Scontro laterale fra veicoli in marcia;Incrocio;Due carreggiate;Asciutto;Asfaltata;Verticale ed orizzontale;Sereno;Scarso;Buona;Ore Diurne;0;0;0;4;;;-1;1;Autovettura privata;In marcia / fermata / arresto;Conducente;F;Illeso;0;;Non accertato;Inesploso
1918376;10;02/08/2012 17:20;Strada Urbana;VIALE DEI SALESIANI;all'intersezione semaforizzata con;VIA PUBLIO VALERIO;VIA PUBLIO VALERIO;;;Scontro laterale fra veicoli in marcia;Incrocio;Due carreggiate;Asciutto;Asfaltata;Verticale ed orizzontale;Sereno;Scarso;Buona;Ore Diurne;0;0;0;4;;;-1;1;Autovettura privata;In marcia / fermata / arresto;Passeggero;F;Illeso;0;;Non accertato;Inesploso
1918376;10;02/08/2012 17:20;Strada Urbana;VIALE DEI SALESIANI;all'intersezione semaforizzata con;VIA PUBLIO VALERIO;VIA PUBLIO VALERIO;;;Scontro laterale fra veicoli in marcia;Incrocio;Due carreggiate;Asciutto;Asfaltata;Verticale ed orizzontale;Sereno;Scarso;Buona;Ore Diurne;0;0;0;4;;;-1;1;Autovettura privata;In marcia / fermata / arresto;Passeggero;F;Illeso;0;;Non accertato;Inesistente
1918376;10;02/08/2012 17:20;Strada Urbana;VIALE DEI SALESIANI;all'intersezione semaforizzata con;VIA PUBLIO VALERIO;VIA PUBLIO VALERIO;;;Scontro laterale fra veicoli in marcia;Incrocio;Due carreggiate;Asciutto;Asfaltata;Verticale ed orizzontale;Sereno;Scarso;Buona;Ore Diurne;0;0;0;4;;;-1;2;Autovettura privata;In marcia / fermata / arresto;Conducente;F;Illeso;0;;Non accertato;Inesploso
1918377;13;02/08/2012 05:30;Strada Urbana;VIALE DEI ROMAGNOLI;da specificare;;;;altezza km 19,800 della via del Mare;Ribaltamento senza urto contro ostacolo fisso;Rettilineo;Una carreggiata a doppio senso;Asciutto;Asfaltata;Orizzontale;Sereno;Scarso;Buona;Sufficiente;0;0;0;1;;;-1;1;Autovettura privata;In marcia / fermata / arresto;Conducente;M;Illeso;0;;Non accertato;Esploso
1918378;13;02/08/2012 15:20;Provinciale;VIA LITORANEA;da specificare;;;;altezza secondo cancello;Scontro laterale fra veicoli in marcia;Rettilineo;Una carreggiata a doppio senso;Asciutto;Asfaltata;Orizzontale;Sereno;Normale;Buona;Ore Diurne;1;0;0;2;;;-1;1;Autovettura privata;In marcia / fermata / arresto;Conducente;M;Illeso;0;;Non accertato;Inesploso
1918378;13;02/08/2012 15:20;Provinciale;VIA LITORANEA;da specificare;;;;altezza secondo cancello;Scontro laterale fra veicoli in marcia;Rettilineo;Una carreggiata a doppio senso;Asciutto;Asfaltata;Orizzontale;Sereno;Normale;Buona;Ore Diurne;1;0;0;2;;;-1;2;Motociclo a solo;In marcia / fermata / arresto;Conducente;M;Rimandato;0;NON DECEDUTO;Non accertato;Inesistente
1918378;13;02/08/2012 15:20;Provinciale;VIA LITORANEA;da specificare;;;;altezza secondo cancello;Scontro laterale fra veicoli in marcia;Rettilineo;Una carreggiata a doppio senso;Asciutto;Asfaltata;Orizzontale;Sereno;Normale;Buona;Ore Diurne;1;0;0;2;;;-1;3;Autobus di linea;In marcia / fermata / arresto;Conducente;M;Illeso;0;;Non accertato;Inesploso
1918379;13;02/08/2012 17:30;Strada Urbana;VIA GIUSEPPE FIORELLI;all'intersezione con;VIA SISTO SCAGLIA;VIA SISTO SCAGLIA;;;Scontro frontale/laterale SX fra veicoli in marcia;Incrocio;Una carreggiata a doppio senso;Asciutto;Asfaltata;Verticale;Sereno;Scarso;Sufficiente;Ore Diurne;1;0;0;1;;;-1;1;Autovettura privata;In marcia / fermata / arresto;Conducente;M;Rimandato;0;NON DECEDUTO;Non accertato;Esploso
1918379;13;02/08/2012 17:30;Strada Urbana;VIA GIUSEPPE FIORELLI;all'intersezione con;VIA SISTO SCAGLIA;VIA SISTO SCAGLIA;;;Scontro frontale/laterale SX fra veicoli in marcia;Incrocio;Una carreggiata a doppio senso;Asciutto;Asfaltata;Verticale;Sereno;Scarso;Sufficiente;Ore Diurne;1;0;0;1;;;-1;2;Autovettura privata;In marcia / fermata / arresto;Conducente;M;Illeso;0;;Non accertato;Inesploso
1918380;19;02/08/2012 15:50;Strada Urbana;VIA DELL'ACQUEDOTTO DEL PESCHIERA;da specificare;;;;fronte civico 20;Infortunio per sola frenata improvvisa;Rettilineo;Una carreggiata a senso unico di marcia;Asciutto;Asfaltata;Verticale ed orizzontale;Sereno;Normale;Buona;Ore Diurne;1;0;0;2;;;-1;1;Autovettura di polizia;In marcia / fermata / arresto;Conducente;M;Illeso;0;;Esente;Inesploso
1918380;19;02/08/2012 15:50;Strada Urbana;VIA DELL'ACQUEDOTTO DEL PESCHIERA;da specificare;;;;fronte civico 20;Infortunio per sola frenata improvvisa;Rettilineo;Una carreggiata a senso unico di marcia;Asciutto;Asfaltata;Verticale ed orizzontale;Sereno;Normale;Buona;Ore Diurne;1;0;0;2;;;-1;1;Autovettura di polizia;In marcia / fermata / arresto;Passeggero;M;Illeso;0;;Esente;Inesploso
1918380;19;02/08/2012 15:50;Strada Urbana;VIA DELL'ACQUEDOTTO DEL PESCHIERA;da specificare;;;;fronte civico 20;Infortunio per sola frenata improvvisa;Rettilineo;Una carreggiata a senso unico di marcia;Asciutto;Asfaltata;Verticale ed orizzontale;Sereno;Normale;Buona;Ore Diurne;1;0;0;2;;;-1;2;Motociclo a solo;In marcia / fermata / arresto;Conducente;M;Rimandato;0;NON DECEDUTO;Non accertato;Inesistente
1918381;11;02/08/2012 07:20;Strada Urbana;VIA ARDEATINA;all'intersezione con;VIA DI TOR PAGNOTTA;VIA DI TOR PAGNOTTA;;;Scontro laterale fra veicoli in marcia;Incrocio;Una carreggiata a doppio senso;Asciutto;Asfaltata;Verticale ed orizzontale;Sereno;Intenso;Buona;Ore Diurne;1;0;0;1;;;-1;1;Autovettura privata;In marcia / fermata / arresto;Conducente;M;Illeso;0;;Utilizzato;Inesistente
1918381;11;02/08/2012 07:20;Strada Urbana;VIA ARDEATINA;all'intersezione con;VIA DI TOR PAGNOTTA;VIA DI TOR PAGNOTTA;;;Scontro laterale fra veicoli in marcia;Incrocio;Una carreggiata a doppio senso;Asciutto;Asfaltata;Verticale ed orizzontale;Sereno;Intenso;Buona;Ore Diurne;1;0;0;1;;;-1;2;Motociclo a solo;In marcia / fermata / arresto;Conducente;M;Rimandato;0;NON DECEDUTO;Utilizzato;Inesistente
1918382;8;02/08/2012 20:30;Strada Urbana;VIALE DELLA SORBONA;in prossimità;;del palo luce n. ;75;;Scontro laterale fra veicoli in marcia;Rettilineo;Due carreggiate;Asciutto;Asfaltata;Verticale ed orizzontale;Sereno;Normale;Buona;Ore Diurne;2;0;0;3;;;-1;1;Autovettura privata;In marcia / fermata / arresto;Conducente;M;Illeso;0;;Non accertato;Inesploso
1918382;8;02/08/2012 20:30;Strada Urbana;VIALE DELLA SORBONA;in prossimità;;del palo luce n. ;75;;Scontro laterale fra veicoli in marcia;Rettilineo;Due carreggiate;Asciutto;Asfaltata;Verticale ed orizzontale;Sereno;Normale;Buona;Ore Diurne;2;0;0;3;;;-1;1;Autovettura privata;In marcia / fermata / arresto;Passeggero;F;Rifiuta cure immediate;0;NON DECEDUTO;Non accertato;Inesploso
1918382;8;02/08/2012 20:30;Strada Urbana;VIALE DELLA SORBONA;in prossimità;;del palo luce n. ;75;;Scontro laterale fra veicoli in marcia;Rettilineo;Due carreggiate;Asciutto;Asfaltata;Verticale ed orizzontale;Sereno;Normale;Buona;Ore Diurne;2;0;0;3;;;-1;1;Autovettura privata;In marcia / fermata / arresto;Passeggero;F;Rifiuta cure immediate;0;NON DECEDUTO;Non accertato;Inesploso
1918382;8;02/08/2012 20:30;Strada Urbana;VIALE DELLA SORBONA;in prossimità;;del palo luce n. ;75;;Scontro laterale fra veicoli in marcia;Rettilineo;Due carreggiate;Asciutto;Asfaltata;Verticale ed orizzontale;Sereno;Normale;Buona;Ore Diurne;2;0;0;3;;;-1;2;Autovettura privata;In marcia / fermata / arresto;Conducente;M;Illeso;0;;Non accertato;Inesploso
1918382;8;02/08/2012 20:30;Strada Urbana;VIALE DELLA SORBONA;in prossimità;;del palo luce n. ;75;;Scontro laterale fra veicoli in marcia;Rettilineo;Due carreggiate;Asciutto;Asfaltata;Verticale ed orizzontale;Sereno;Normale;Buona;Ore Diurne;2;0;0;3;;;-1;2;Autovettura privata;In marcia / fermata / arresto;Passeggero;F;Illeso;0;;Non accertato;Inesploso
1918383;8;02/08/2012 18:50;Strada Urbana;VIA WALTER TOBAGI;all'intersezione semaforizzata con;VIA DEI RUDERI DI CASA CALDA;VIA DEI RUDERI DI CASA CALDA;;;Scontro frontale/laterale SX fra veicoli in marcia;Intersezione semaforizzata;Una carreggiata a doppio senso;Asciutto;Asfaltata;Assente;Sereno;Normale;Buona;Ore Diurne;0;0;0;3;;;-1;1;Autovettura privata;In marcia / fermata / arresto;Conducente;F;Illeso;0;;Non accertato;Inesistente
1918383;8;02/08/2012 18:50;Strada Urbana;VIA WALTER TOBAGI;all'intersezione semaforizzata con;VIA DEI RUDERI DI CASA CALDA;VIA DEI RUDERI DI CASA CALDA;;;Scontro frontale/laterale SX fra veicoli in marcia;Intersezione semaforizzata;Una carreggiata a doppio senso;Asciutto;Asfaltata;Assente;Sereno;Normale;Buona;Ore Diurne;0;0;0;3;;;-1;2;Autovettura privata;In marcia / fermata / arresto;Conducente;M;Illeso;0;;Non accertato;Inesistente
1918383;8;02/08/2012 18:50;Strada Urbana;VIA WALTER TOBAGI;all'intersezione semaforizzata con;VIA DEI RUDERI DI CASA CALDA;VIA DEI RUDERI DI CASA CALDA;;;Scontro frontale/laterale SX fra veicoli in marcia;Intersezione semaforizzata;Una carreggiata a doppio senso;Asciutto;Asfaltata;Assente;Sereno;Normale;Buona;Ore Diurne;0;0;0;3;;;-1;2;Autovettura privata;In marcia / fermata / arresto;Passeggero;F;Illeso;0;;Non accertato;Inesistente
1918384;8;02/08/2012 14:45;Strada Urbana;VIA DI TOR BELLA MONACA;da specificare;;;;inversione di marcia direzione Via Casilina;Tamponamento;Rotatoria;Una carreggiata a doppio senso;Asciutto;Asfaltata;Verticale ed orizzontale;Sereno;Normale;Buona;Ore Diurne;3;0;0;3;;;-1;1;Autocarro inferiore 35 q.;In marcia / fermata / arresto;Conducente;M;Illeso;0;;Non accertato;Inesistente
1918384;8;02/08/2012 14:45;Strada Urbana;VIA DI TOR BELLA MONACA;da specificare;;;;inversione di marcia direzione Via Casilina;Tamponamento;Rotatoria;Una carreggiata a doppio senso;Asciutto;Asfaltata;Verticale ed orizzontale;Sereno;Normale;Buona;Ore Diurne;3;0;0;3;;;-1;1;Autocarro inferiore 35 q.;In marcia / fermata / arresto;Passeggero;M;Illeso;0;;Non accertato;Inesploso
1918384;8;02/08/2012 14:45;Strada Urbana;VIA DI TOR BELLA MONACA;da specificare;;;;inversione di marcia direzione Via Casilina;Tamponamento;Rotatoria;Una carreggiata a doppio senso;Asciutto;Asfaltata;Verticale ed orizzontale;Sereno;Normale;Buona;Ore Diurne;3;0;0;3;;;-1;2;Autovettura privata;In marcia / fermata / arresto;Conducente;F;Illeso;0;;Non accertato;Inesistente
1918384;8;02/08/2012 14:45;Strada Urbana;VIA DI TOR BELLA MONACA;da specificare;;;;inversione di marcia direzione Via Casilina;Tamponamento;Rotatoria;Una carreggiata a doppio senso;Asciutto;Asfaltata;Verticale ed orizzontale;Sereno;Normale;Buona;Ore Diurne;3;0;0;3;;;-1;2;Autovettura privata;In marcia / fermata / arresto;Passeggero;F;Rifiuta cure immediate;0;NON DECEDUTO;Non accertato;Inesistente
1918384;8;02/08/2012 14:45;Strada Urbana;VIA DI TOR BELLA MONACA;da specificare;;;;inversione di marcia direzione Via Casilina;Tamponamento;Rotatoria;Una carreggiata a doppio senso;Asciutto;Asfaltata;Verticale ed orizzontale;Sereno;Normale;Buona;Ore Diurne;3;0;0;3;;;-1;2;Autovettura privata;In marcia / fermata / arresto;Passeggero;F;Rifiuta cure immediate;0;NON DECEDUTO;Non accertato;Inesistente
1918384;8;02/08/2012 14:45;Strada Urbana;VIA DI TOR BELLA MONACA;da specificare;;;;inversione di marcia direzione Via Casilina;Tamponamento;Rotatoria;Una carreggiata a doppio senso;Asciutto;Asfaltata;Verticale ed orizzontale;Sereno;Normale;Buona;Ore Diurne;3;0;0;3;;;-1;2;Autovettura privata;In marcia / fermata / arresto;Passeggero;M;Rifiuta cure immediate;0;NON DECEDUTO;Non accertato;Inesistente
1918385;8;02/08/2012 10:35;Statale entro l'abitato;VIA CASILINA;da specificare;;;;complanare - altezza civico 1805/B;Veicolo in marcia contro veicolo in sosta;Rettilineo;Una carreggiata a senso unico di marcia;Asciutto;Asfaltata;Assente;Sereno;Normale;Buona;Ore Diurne;0;0;0;3;;;-1;2;Autovettura privata;In marcia / fermata / arresto;Conducente;F;Illeso;0;;Non accertato;Inesistente
1918385;8;02/08/2012 10:35;Statale entro l'abitato;VIA CASILINA;da specificare;;;;complanare - altezza civico 1805/B;Veicolo in marcia contro veicolo in sosta;Rettilineo;Una carreggiata a senso unico di marcia;Asciutto;Asfaltata;Assente;Sereno;Normale;Buona;Ore Diurne;0;0;0;3;;;-1;2;Autovettura privata;In marcia / fermata / arresto;Passeggero;F;Illeso;0;;Non accertato;Inesistente
1918385;8;02/08/2012 10:35;Statale entro l'abitato;VIA CASILINA;da specificare;;;;complanare - altezza civico 1805/B;Veicolo in marcia contro veicolo in sosta;Rettilineo;Una carreggiata a senso unico di marcia;Asciutto;Asfaltata;Assente;Sereno;Normale;Buona;Ore Diurne;0;0;0;3;;;-1;2;Autovettura privata;In marcia / fermata / arresto;Passeggero;F;Illeso;0;;Non accertato;Inesistente